	Classification	Category	Name	RegExp (https://regex101.com/)	NotContain	Severity	ShouldToSplitTheVariable	IgnoreFromType	RelatedTo	Is Sensitive	sensitivity justification	Confidence	Regex letter count	exclude from issue
1	Password	Sensitive	Authentication Oauth2	^.*jwt.*	[test, icon]	100	TRUE	[bool]	[]	[]		35	3	FALSE
2	Password	Sensitive	Password	^.*password.*	[test, icon]	100	TRUE	[bool,numeric]	[]	[CPRA]		86	8	FALSE
3	Network Devices	Personal	IP Address	^.*ip.?address.*	[test,icon]	100	TRUE	[bool,numeric]	[]	[]		86	9	FALSE
4	Finances	Sensitive	Credit Card	^.*card.?num.*	[test,icon]	100	TRUE	[bool]	[]	[CPRA,PCI]		85	7	FALSE
5	Finances	Sensitive	Payment Info	^.*payment.?info.*	[test, icon]	100	TRUE	[bool]	[]	[CPRA]		87	11	FALSE
6	Finances	Sensitive	Bank Number	^.*bank.?number.*	[test, icon]	100	TRUE	[bool]	[]	[CPRA]		87	10	FALSE
7	Finances	Sensitive	Credit Card	^.*credit.?card.*	[test, icon]	100	TRUE	[bool]	[]	[CPRA,PCI]		87	10	FALSE
8	Finances	Sensitive	Iban Code	^iban$	[test, icon]	100	TRUE	[bool]	[]	[CPRA]		50	4	FALSE
9	Finances	Sensitive	Swift	^.*swift.*	[test, icon]	100	TRUE	[bool]	[]	[CPRA]		80	5	FALSE
10	Finances	Sensitive	Crypto Coin	^.*crypto.*coin.*	[test, icon]	100	TRUE	[bool]	[]	[CPRA]		87	10	FALSE
11	Government ID	Sensitive	Driver License	^.*driver.?license.*	[test, icon]	100	TRUE	[bool]	[]	[CPRA]		88	13	FALSE
12	Government ID	Sensitive	Passport Number	^.*passport.?number.*	[test, icon]	100	TRUE	[bool]	[]	[CPRA,Iowa,Indiana,Virginia,Connecticut,Colorado,Oregon]		89	14	FALSE
13	Government ID	Sensitive	Passport	^.*passport.*	[test, icon]	100	TRUE	[bool]	[]	[CPRA,Iowa,Indiana,Virginia,Connecticut,Colorado,Oregon]		86	8	FALSE
14	Government ID	Sensitive	Social Security Number	^.*ssn$	[test, icon]	100	TRUE	[bool]	[]	[CPRA,Indiana,Virginia,Connecticut,Colorado,Oregon]		35	3	FALSE
15	Government ID	Sensitive	Social Security Number	^.*social.?security.*	[test, icon]	100	TRUE	[bool]	[]	[CPRA,Indiana,Virginia,Connecticut,Colorado,Oregon]		89	14	FALSE
16	User Details	Personal	Vehicle Information	vehicle(|.)information	[test, icon]	100	TRUE	[bool,numeric]	[]	[]		90	18	FALSE
17	User Details	Personal	Vehicle Number	^.*vehicle.?number	[test, icon]	100	TRUE	[bool]	[]	[]		88	13	FALSE
18	User Details	Personal	Vehicle number	\bvin\b	[test,saving, icon]	100	TRUE	[bool]	[]	[]		80	5	FALSE
19	Network Devices	Personal	MAC Address	^.*media.?access.*	[test, icon]	100	TRUE	[bool,numeric]	[]	[]		87	11	FALSE
20	Network Devices	Personal	MAC Address	^.*mac.?address.*	[test, icon]	100	TRUE	[bool,numeric]	[]	[]		87	10	FALSE
21	Geolocation	Sensitive	GPS	^.*\bgps.*	[test, icon]	100	TRUE	[bool,numeric]	[]	[CPRA,Iowa,Indiana,Virginia,Connecticut,Oregon]		50	4	FALSE
22	Password	Sensitive	Authentication	^.*authentication.*	[test, icon,failure]	100	TRUE	[bool,numeric]	[]	[CPRA]		89	14	FALSE
23	Sexual Orientation	Sensitive	Sexual Orientation	sex.?orient.*	[test, icon]	100	TRUE	[bool,numeric]	[]	[GDPR, CPRA,Iowa,Indiana,Virginia,Connecticut,Colorado,Oregon]		86	9	FALSE
24	Biometric	Sensitive	Face Image	^.*face.?image,*	[test, icon]	100	TRUE	[bool,numeric]	[]	[GDPR, CPRA,Iowa,Indiana,Virginia,Connecticut,Colorado,Oregon]		86	9	FALSE
25	Biometric	Sensitive	Face Image	^.*face.?img.*	[test, icon]	100	TRUE	[bool,numeric]	[]	[GDPR, CPRA,Iowa,Indiana,Virginia,Connecticut,Colorado,Oregon]		85	7	FALSE
26	User Details	Personal	Photo	^.*photo.*	[test, icon]	85	TRUE	[bool,numeric]	[]	[]		80	5	FALSE
27	Race	Sensitive	Ethnic	^.*ethnic.*	[test, icon]	100	TRUE	[bool,numeric]	[]	[GDPR, CPRA,Iowa,Indiana,Virginia,Connecticut,Colorado,Oregon]		85	6	FALSE
28	Race	Sensitive	Race	race.*	[test, icon]	100	TRUE	[bool,numeric]	[]	[GDPR, CPRA,Iowa,Indiana,Virginia,Connecticut,Colorado,Oregon]		50	4	FALSE
29	Geolocation	Sensitive	Location Manager	^location.?manager.*	[test, icon]	100	TRUE	[bool,numeric]	[]	[CPRA,Iowa,Indiana,Virginia,Connecticut,Oregon]		89	15	FALSE
30	Geolocation	Sensitive	Latitude and Longitude	^.*lat(|_)long	[test, icon]	100	TRUE	[bool]	[]	[CPRA,Iowa,Indiana,Virginia,Connecticut,Oregon]		85	7	FALSE
31	Geolocation	Sensitive	Latitude and Longitude	^.*latitude(|_)longitude.*	[test, icon]	100	TRUE	[bool]	[]	[CPRA,Iowa,Indiana,Virginia,Connecticut,Oregon]		90	17	FALSE
32	Geolocation	Sensitive	Latitude	^.*latitude.*	[test, icon]	100	TRUE	[bool]	[]	[CPRA,Iowa,Indiana,Virginia,Connecticut,Oregon]		50	8	FALSE
33	Geolocation	Sensitive	Longitude	^.*longitude.*	[test, icon]	100	TRUE	[bool]	[]	[CPRA,Iowa,Indiana,Virginia,Connecticut,Oregon]		86	9	FALSE
34	Geolocation	Sensitive	Latitude	^lat$	[test, icon]	100	TRUE	[bool]	[]	[CPRA,Iowa,Indiana,Virginia,Connecticut,Oregon]		85	3	FALSE
35	Geolocation	Sensitive	Longitude	^lon$	[test, icon]	100	TRUE	[bool]	[]	[CPRA,Iowa,Indiana,Virginia,Connecticut,Oregon]		35	3	FALSE
36	Geolocation	Sensitive	Map Point	^.*map.?point.*	[test, icon]	100	TRUE	[bool]	[]	[CPRA,Iowa,Indiana,Virginia,Connecticut,Oregon]		86	8	FALSE
37	Geolocation	Sensitive	GPS Location	^.*gps.?location.*	[test, icon]	100	TRUE	[bool]	[]	[CPRA,Iowa,Indiana,Virginia,Connecticut,Oregon]		87	11	FALSE
38	Finances	Personal	Iban	^iban.*	[test, icon]	100	TRUE	[bool]	[]	[CPRA]		50	4	FALSE
39	Digital	Personal	Hardware Address	^.*hardware.?address.*	[test, icon]	100	TRUE	[bool]	[]	[]	Might reveal Geo location	89	15	FALSE
40	Network Devices	Personal	InetAddress	^.*inet.?address.*	[test, icon]	100	TRUE	[bool]	[]	[]	can lead to Geo location	87	11	FALSE
41	Network Devices	Personal	Network Interface	^.*network.?interface.*	[test, icon]	100	TRUE	[bool]	[]	[]		90	16	FALSE
42	Finances	Sensitive	Bank Account	^.*bank.?account.*	[test, icon]	100	TRUE	[bool]	[]	[CPRA]		87	11	FALSE
43	Finances	Sensitive	Debit Mandate ReferenceId	debitmandatereference.*	[test, icon]	100	TRUE	[bool]	[]	[CPRA,PCI]		90	21	FALSE
44	Finances	Sensitive	Primary Bank Identification Number	primarybankidentificationnumber.*	[test, icon]	100	TRUE	[bool]	[]	[CPRA,PCI]		90	31	FALSE
45	Finances	Sensitive	Secondary Bank Identification Number	secondarybankidentificationnumber	[test, icon]	100	TRUE	[bool]	[]	[CPRA,PCI]		90	33	FALSE
46	Finances	Sensitive	Holder Name	^.*holder.?name.*	[test, icon]	100	TRUE	[bool,numeric]	[]	[CPRA]		87	10	FALSE
47	Finances	Sensitive	Account Number	^.*account.?num.*	[test, icon]	100	TRUE	[bool]	[]	[CPRA]		87	10	FALSE
48	Finances	Sensitive	Card Details	^.*card.?details.*	[test, icon]	100	TRUE	[bool,numeric]	[]	[CPRA,PCI]		87	11	FALSE
49	Finances	Sensitive	Card Payment	^.*Card.?payment.*	[test, icon]	100	TRUE	[bool,numeric]	[]	[CPRA,PCI]		87	11	FALSE
50	Finances	Sensitive	Wallet Details	^.*wallet.?details.*	[test, icon]	100	TRUE	[bool,numeric]	[]	[CPRA,PCI]		88	13	FALSE
51	Finances	Sensitive	Buy Now Pay Later Details	^.*buynowpaylaterdetails.*	[test, icon]	100	TRUE	[bool,numeric]	[]	[CPRA]		90	21	FALSE
52	Finances	Sensitive	Routing Number	^.*routingNum.*	[test, icon]	100	TRUE	[bool]	[]	[CPRA]		87	10	FALSE
53	User Details	Personal	Person ID	^.*person(|.)(id|ids|sid).*	[test,correlationdId,appledId,deviceId,sessionId, icon]	70	TRUE	[bool]	[]	[CPRA]		89	14	FALSE
54	Finances	Sensitive	American Bankers Cusip Id	american.?bankers.?cusip.?id	[test, icon]	100	TRUE	[bool]	[]	[CPRA]		90	22	FALSE
55	Finances	Sensitive	American Bankers Cusip Id	^cusip.*	[test, icon]	100	TRUE	[bool]	[]	[CPRA]		80	5	FALSE
56	Finances	Sensitive	US Adoption Taxpayer Number	^atin.*	[test, icon]	100	TRUE	[bool]	[]	[CPRA]		50	4	FALSE
57	Finances	Sensitive	Taxpayer Number	tax(|_)num.*	[test, icon]	100	TRUE	[bool]	[]	[CPRA]		85	6	FALSE
58	Finances	Sensitive	US Routing Number	^.*transit(|_)num.*	[test, icon]	100	TRUE	[bool]	[]	[CPRA]		87	10	FALSE
59	Finances	Sensitive	US Bank Routing Number	^.*bank.?routing.*	[test, icon]	100	TRUE	[bool]	[]	[CPRA]		87	11	FALSE
60	Government ID	Sensitive	US DEA Number	^.*dea.?number.*	[test, icon]	100	TRUE	[bool]	[]	[CPRA]		86	9	FALSE
61	Employee	Personal	Employer Id Number	^.*emp(|.)(id|ids|sid).*	[test,empty,temp,icon]	100	TRUE	[bool]	[]	[]		87	11	FALSE
62	Government ID	Sensitive	US Healthcare NPI	^.*health(|.)npi.*	[test, icon]	100	TRUE	[bool]	[]	[CPRA,HIPPA,MHMDA,Indiana,Virginia,Connecticut,Colorado,Oregon]		86	9	FALSE
63	Finances	Sensitive	US Taxpayer Id	^.*tax(|.)(id|ids|sid).*	[test, icon]	100	TRUE	[bool]	[]	[CPRA]		87	11	FALSE
64	Health	Sensitive	Medical Team	^.*med(|.)team.*	[test, icon]	80	TRUE	[bool,numeric]	[]	[GDPR, CPRA,Iowa,HIPPA,MHMDA,Indiana,Virginia,Connecticut,Colorado,Oregon]		85	7	FALSE
65	Digital	Personal	IMSI Id	^imsi_id$	[test, icon]	100	TRUE	[bool]	[]	[]	can lead to Geo location	85	6	FALSE
66	Digital	Personal	IMEI Hardware Id	imei(|.)(id|ids|sid).*	[test, icon]	100	TRUE	[bool]	[]	[]	can lead to Geo location	88	12	FALSE
67	Finances	Sensitive	Creditcard Track Number	^.*credit.?card.*track.*	[test, icon]	100	TRUE	[bool]	[]	[CPRA,PCI]		89	15	FALSE
68	Details	Personal	Integrated Circuit Card Identifier	^.*iccid.*	[test, icon]	100	TRUE	[bool]	[]	[]	can lead to Geo location	80	5	FALSE
69	Health	Sensitive	ICD-9 code	^.*icd9(|.|..)codes.*	[test, icon]	100	TRUE	[bool]	[]	[GDPR, CPRA,Iowa,HIPPA,MHMDA,Indiana,Virginia,Connecticut,Colorado,Oregon]		85	8	FALSE
70	Health	Sensitive	ICD-10 code	^.*icd10(|.|..)codes.*	[test, icon]	100	TRUE	[bool]	[]	[GDPR, CPRA,Iowa,HIPPA,MHMDA,Indiana,Virginia,Connecticut,Colorado,Oregon]		85	8	FALSE
71	Health	Sensitive	ICD-9 code	icd(|.|...|9)codes	[test, icon]	100	TRUE	[bool]	[]	[GDPR, CPRA,Iowa,HIPPA,MHMDA,Indiana,Virginia,Connecticut,Colorado,Oregon]		85	8	FALSE
72	Health	Sensitive	ICD-10 code	icd(|.|....|10)codes	[test, icon]	100	TRUE	[bool]	[]	[GDPR, CPRA,Iowa,HIPPA,MHMDA,Indiana,Virginia,Connecticut,Colorado,Oregon]		85	8	FALSE
73	Finances	Sensitive	PIN Number	^.*pinnumber.*	[test, icon]	100	TRUE	[bool]	[]	[CPRA]		86	9	FALSE
74	Finances	Personal	Monthly Salary	^.*monthly.?salary.*	[test, icon]	100	TRUE	[bool]	[]	[CPRA]		88	13	FALSE
75	Finances	Personal	Hourly Rate	^.*hourly.?rate.*	[test, icon]	100	TRUE	[bool]	[]	[CPRA]		87	10	FALSE
76	Finances	Sensitive	PIN Code	^.*pincode.*	[test, icon]	100	TRUE	[bool]	[]	[CPRA]		85	7	FALSE
77	User Details	Personal	Gender	^gender.*	[test, icon]	70	TRUE	[bool,numeric]	[]	[]		85	6	FALSE
78	Finances	Sensitive	PIN Number	^.*pin.?num.*	[test, icon]	100	TRUE	[bool]	[]	[CPRA]		85	6	FALSE
79	Geolocation	Sensitive	Coordinate	^.*(gps|map).?coordinate.*	[test, icon]	100	TRUE	[bool]	[]	[CPRA,Iowa,Indiana,Virginia,Connecticut,Oregon]		90	16	FALSE
80	Geolocation	Sensitive	Geo Location	^.*geolocation.*	[test, icon]	100	TRUE	[bool]	[]	[CPRA,Iowa,Indiana,Virginia,Connecticut,Oregon]		87	11	FALSE
81	Finances	Sensitive	CVV	^cvv$	[test, __tablename__, icon]	100	TRUE	[bool]	[]	[CPRA,PCI]		35	3	FALSE
82	Finances	Sensitive	Last 4 digits	^.*last(|_)4(|_)digits.*	[test, __tablename__, icon]	100	TRUE	[bool,numeric]	[]	[CPRA]		87	10	FALSE
83	Finances	Sensitive	Last four digits	^.*last(|_)four(|_)digits.*	[test, __tablename__, icon]	100	TRUE	[bool,numeric]	[]	[CPRA]		89	14	FALSE
84	Health	Sensitive	Diabetes	^.*diabetes.*	[test, __tablename__, icon]	100	TRUE	[bool,numeric]	[]	[GDPR, CPRA,Iowa,HIPPA,MHMDA,Indiana,Virginia,Connecticut,Colorado,Oregon]		86	8	FALSE
85	Health	Sensitive	Pregnant	^.*pregnan.*	[test, __tablename__, icon]	100	TRUE	[bool,numeric]	[]	[GDPR, CPRA,Iowa,HIPPA,MHMDA,Indiana,Virginia,Connecticut,Colorado,Oregon]		85	7	FALSE
86	Health	Sensitive	Asthma	^.*asthma.*	[test, __tablename__, icon]	100	TRUE	[bool,numeric]	[]	[GDPR, CPRA,Iowa,HIPPA,MHMDA,Indiana,Virginia,Connecticut,Colorado,Oregon]		85	6	FALSE
87	Health	Sensitive	Injury	^.*Injury.*	[test, __tablename__, icon]	100	TRUE	[bool,numeric]	[]	[GDPR, CPRA,Iowa,HIPPA,MHMDA,Indiana,Virginia,Connecticut,Colorado,Oregon]		85	6	FALSE
88	Health	Sensitive	Antibiotics	^.*antibiotics.*	[test, __tablename__, icon]	100	TRUE	[bool,numeric]	[]	[GDPR, CPRA,Iowa,HIPPA,MHMDA,Indiana,Virginia,Connecticut,Colorado,Oregon]		87	11	FALSE
89	Health	Sensitive	BP Medicine	^.*bp.?medicine.*	[test, __tablename__, icon]	100	TRUE	[bool,numeric]	[]	[GDPR, CPRA,Iowa,HIPPA,MHMDA,Indiana,Virginia,Connecticut,Colorado,Oregon]		87	10	FALSE
90	Health	Sensitive	Glaucome	^.*glaucome.*	[test, __tablename__, icon]	100	TRUE	[bool,numeric]	[]	[GDPR, CPRA,Iowa,HIPPA,MHMDA,Indiana,Virginia,Connecticut,Colorado,Oregon]		86	8	FALSE
91	Health	Sensitive	Lung cancer	^.*lung(|_)cancer.*	[test, __tablename__, icon]	100	TRUE	[bool,numeric]	[]	[GDPR, CPRA,Iowa,HIPPA,MHMDA,Indiana,Virginia,Connecticut,Colorado,Oregon]		87	10	FALSE
92	Health	Sensitive	Deceased	^.*deceased.*	[test, __tablename__, icon]	100	TRUE	[bool,numeric]	[]	[GDPR, CPRA,Iowa,HIPPA,MHMDA,Indiana,Virginia,Connecticut,Colorado,Oregon]		86	8	FALSE
93	Health	Sensitive	STD Tests	^.*std.?tests.*	[__tablename__, icon]	100	TRUE	[bool,numeric]	[]	[GDPR, CPRA,Iowa,HIPPA,MHMDA,Indiana,Virginia,Connecticut,Colorado,Oregon]		86	8	FALSE
94	Health	Sensitive	Drug Tests	^.*drug.?tests.*	[__tablename__, icon]	100	TRUE	[bool,numeric]	[]	[GDPR, CPRA,Iowa,HIPPA,MHMDA,Indiana,Virginia,Connecticut,Colorado,Oregon]		86	9	FALSE
95	Health	Sensitive	Syndrome	^.*Syndrome.*	[test, __tablename__, icon]	100	TRUE	[bool,numeric]	[]	[GDPR, CPRA,Iowa,HIPPA,MHMDA,Indiana,Virginia,Connecticut,Colorado,Oregon]		86	8	FALSE
96	Race	Sensitive	Family Tree	^.*family.?tree.*	[test, __tablename__, icon]	70	TRUE	[bool,numeric]	[]	[GDPR, CPRA,Iowa,HIPPA,MHMDA,Indiana,Virginia,Connecticut,Colorado,Oregon]		87	10	FALSE
97	Genetics	Sensitive	DNA	^dna$	[test, __tablename__, icon]	100	TRUE	[bool,numeric]	[]	[GDPR, CPRA,Iowa,HIPPA,MHMDA,Indiana,Virginia,Connecticut,Colorado,Oregon]		35	3	FALSE
98	Genetics	Sensitive	RNA	^rna$	[test, __tablename__, icon]	100	TRUE	[bool,numeric]	[]	[GDPR, CPRA,Iowa,HIPPA,MHMDA,Indiana,Virginia,Connecticut,Colorado,Oregon]		35	3	FALSE
99	Health	Sensitive	Allergies	^.*allergies.*	[test, __tablename__, icon]	100	TRUE	[bool,numeric]	[]	[GDPR, CPRA,Iowa,HIPPA,MHMDA,Indiana,Virginia,Connecticut,Colorado,Oregon]		86	9	FALSE
100	Finances	Sensitive	crypto wallet id	^.*crypto(|_)wallet(|_)(id|ids|sid)	[test, __tablename__, icon]	100	TRUE	[bool,numeric]	[]	[CPRA]		89	14	FALSE
101	Social	Personal	Youtube Name	^.*youtube.?name.*	[test, __tablename__, icon]	70	TRUE	[bool,numeric]	[]	[]		87	11	FALSE
102	Race	Sensitive	Skin Color	^.*skin.?color.*	[test, __tablename__, icon]	100	TRUE	[bool,numeric]	[]	[GDPR, CPRA,Iowa,HIPPA,MHMDA,Indiana,Virginia,Connecticut,Colorado,Oregon]		86	9	FALSE
103	Genetics	Sensitive	Eye Color	^.*eye.?color.*	[test, __tablename__, icon]	100	TRUE	[bool,numeric]	[]	[GDPR, CPRA,Iowa,HIPPA,MHMDA,Indiana,Virginia,Connecticut,Colorado,Oregon]		86	8	FALSE
104	Genetics	Sensitive	Hair Color	^.*hair.?color.*	[test, __tablename__, icon, crosshair_color]	100	TRUE	[bool,numeric]	[]	[GDPR, CPRA,Iowa,HIPPA,MHMDA,Indiana,Virginia,Connecticut,Colorado,Oregon]		86	9	FALSE
105	User Details	Sensitive	minor (under18)	^.*under.?18.*	[test, __tablename__, icon]	100	TRUE	[bool,numeric]	[]	[]		80	5	FALSE
106	Details	Sensitive	Criminal	^.*criminal.*	[test, __tablename__, icon]	100	TRUE	[bool,numeric]	[]	[]		86	8	FALSE
107	User Details	Personal	User weight	^.*user.?weight.*	[test, __tablename__, icon]	100	TRUE	[bool,numeric]	[]	[HIPPA,MHMDA,Indiana,Virginia,Connecticut,Colorado]		87	10	FALSE
108	User Details	Personal	User Hieght	^.*user.?high.*	[test, __tablename__, icon]	100	TRUE	[bool,numeric]	[]	[HIPPA,MHMDA,Indiana,Virginia,Connecticut,Colorado]		86	8	FALSE
109	User Details	Personal	User Hieght	^.*user.?highet.*	[test, __tablename__, icon]	100	TRUE	[bool,numeric]	[]	[HIPPA,MHMDA,Indiana,Virginia,Connecticut,Colorado]		87	10	FALSE
110	Religion	Sensitive	Jewish	^.*jewish.*	[test, __tablename__, icon]	100	TRUE	[bool,numeric]	[]	[GDPR, CPRA,Iowa,Indiana,Virginia,Connecticut,Colorado,Oregon]		85	6	FALSE
111	Religion	Sensitive	Muslim	^.*muslim.*	[test, __tablename__, icon]	100	TRUE	[bool,numeric]	[]	[GDPR, CPRA,Iowa,Indiana,Virginia,Connecticut,Colorado,Oregon]		85	6	FALSE
112	Religion	Sensitive	Buddhism	^.*buddhism.*	[test, __tablename__, icon]	100	TRUE	[bool,numeric]	[]	[GDPR, CPRA,Iowa,Indiana,Virginia,Connecticut,Colorado,Oregon]		86	8	FALSE
113	Religion	Sensitive	Christian	^.*christian.*	[test, __tablename__, icon]	100	TRUE	[bool,numeric]	[]	[GDPR, CPRA,Iowa,Indiana,Virginia,Connecticut,Colorado,Oregon]		86	9	FALSE
114	Health	Sensitive	AIDS	^aids$	[test, __tablename__, icon]	100	TRUE	[bool,numeric]	[]	[GDPR, CPRA,Iowa,HIPPA,MHMDA,Indiana,Virginia,Connecticut,Colorado,Oregon]		50	4	FALSE
115	Health	Sensitive	Bulimia	^.*bulimia.*	[test, __tablename__, icon]	100	TRUE	[bool,numeric]	[]	[GDPR, CPRA,Iowa,HIPPA,MHMDA,Indiana,Virginia,Connecticut,Colorado,Oregon]		85	7	FALSE
116	Sexual Orientation	Sensitive	Transgender	^.*transgender.*	[test, __tablename__, icon]	100	TRUE	[bool,numeric]	[]	[GDPR, CPRA,Iowa,Indiana,Virginia,Connecticut,Colorado,Oregon]		87	11	FALSE
117	Sexual Orientation	Sensitive	Two Spirit	^.*two(|_)spirit.*	[test, __tablename__, icon]	100	TRUE	[bool,numeric]	[]	[GDPR, CPRA,Iowa,Indiana,Virginia,Connecticut,Colorado,Oregon]		86	9	FALSE
118	Sexual Orientation	Sensitive	Cisgender	^.*cisgender.*	[test, __tablename__, icon]	100	TRUE	[bool,numeric]	[]	[GDPR, CPRA,Iowa,Indiana,Virginia,Connecticut,Colorado,Oregon]		86	9	FALSE
119	Biometric	Personal	Biometric identifie	^.*biometric(|_)identifie.*	[test, __tablename__, icon]	100	TRUE	[bool]	[]	[GDPR, CPRA,Iowa,HIPPA,MHMDA,Indiana,Virginia,Connecticut,Colorado,Oregon]		90	18	FALSE
120	User Details	Personal	Nationality	^.*nationality.*	[test, __tablename__, icon]	70	TRUE	[bool, numeric]	[]	[]		87	11	FALSE
121	Biometric	Sensitive	Touch ID	touch(|.)(id|ids|sid)	[test, __tablename__, icon]	70	TRUE	[bool, numeric]	[]	[GDPR, CPRA,Iowa,HIPPA,MHMDA,Indiana,Virginia,Connecticut,Colorado,Oregon]		88	13	FALSE
122	Finances	Sensitive	CSC	^csc$	[test, __tablename__, icon]	70	TRUE	[bool]	[]	[CPRA]		35	3	FALSE
123	Finances	Sensitive	CVC	^cvc$	[test, __tablename__, icon]	100	TRUE	[bool]	[]	[CPRA]		35	3	FALSE
124	Password	Sensitive	Client Secret	^.*client.?secret.*	[test, icon]	100	TRUE	[bool,numeric]	[]	[]		88	12	FALSE
125	Password	Sensitive	Credentials	^.*credential.*	[test, icon]	100	TRUE	[bool,numeric]	[]	[CPRA]		87	10	FALSE
126	Password	Sensitive	Credentials	^.*login.?data.*	[test, icon]	100	TRUE	[bool,numeric]	[]	[CPRA]		86	9	FALSE
127	Network Devices	Personal	IP	^,*userip.*	[test, icon]	100	TRUE	[bool,numeric]	[]	[]		85	6	FALSE
128	Finances	Sensitive	Credit Card	^.*credit.?num.*	[test, icon]	100	TRUE	[bool]	[]	[CPRA,PCI]		86	9	FALSE
129	User Details	Personal	Identification Number	^.*identification(|_)num.*	[test, icon]	100	TRUE	[bool]	[]	[]		90	17	FALSE
130	Finances	Sensitive	Billing	^.*debit*	[test, icon]	70	TRUE	[bool,numeric]	[]	[CPRA]		80	5	FALSE
131	Government ID	Sensitive	Passport	^visa.*	[test, icon,card]	100	TRUE	[bool]	[]	[CPRA,Iowa,Indiana,Virginia,Connecticut,Colorado,Oregon]		50	4	FALSE
132	Government ID	Sensitive	Passport	^warrant.*	[test, icon]	100	TRUE	[bool]	[]	[CPRA,Iowa,Indiana,Virginia,Connecticut,Colorado,Oregon]		85	7	FALSE
133	Biometric	Sensitive	Biometrics	^.*biometrics.*	[test, icon]	100	TRUE	[bool,numeric]	[]	[GDPR, CPRA,Iowa,HIPPA,MHMDA,Indiana,Virginia,Connecticut,Colorado,Oregon]		87	10	FALSE
134	Biometric	Sensitive	Voice Print	^.*voice.?print.*	[test, icon]	100	TRUE	[bool,numeric]	[]	[GDPR, CPRA,Iowa,Indiana,Virginia,Connecticut,Colorado,Oregon]		87	10	FALSE
135	Government ID	Sensitive	National Insurance Number	^nin$	[test, icon]	80	TRUE	[bool]	[]	[CPRA]		35	3	FALSE
136	Government ID	Sensitive	National Insurance Number	^.*national(|_)insurance.*	[test, icon]	100	TRUE	[bool]	[]	[CPRA]		90	17	FALSE
137	Employee	Personal	Employer Identification Number	^ein$	[test, icon]	80	TRUE	[bool,numeric]	[]	[]		35	3	FALSE
138	Finances	Sensitive	Individual Taxpayer Identification Number	^itin$	[test, icon]	80	TRUE	[bool]	[]	[CPRA]		50	4	FALSE
139	Genetics	Sensitive	Genetics	^.*genetics.*	[test, icon]	100	TRUE	[bool,numeric]	[]	[GDPR, CPRA,Iowa,HIPPA,MHMDA,Indiana,Virginia,Connecticut,Colorado,Oregon]		86	8	FALSE
140	Health	Sensitive	Patient	^.*patient.*	[test, icon]	100	TRUE	[bool,numeric]	[]	[GDPR, CPRA,Iowa,HIPPA,MHMDA,Indiana,Virginia,Connecticut,Colorado,Oregon]		85	7	FALSE
141	Religion	Sensitive	Religion	^.*religion.*	[test]	100	TRUE	[bool]	[]	[GDPR, CPRA,Iowa,Indiana,Virginia,Connecticut,Colorado,Oregon]		86	8	FALSE
142	Health	Sensitive	Medical	^.*blood(|.)(group|type).*	[test]	100	TRUE	[bool]	[]	[GDPR, CPRA,Iowa,HIPPA,MHMDA,Indiana,Virginia,Connecticut,Colorado,Oregon]		89	14	FALSE
143	Access Key	Sensitive	Access Key	[0-9a-fA-F]{8}-[0-9a-fA-F]{4}-[0-9a-fA-F]{4}-[0-9a-fA-F]{4}-[0-9a-fA-F]{12}	[test]	100	TRUE	[bool]	[]	[]		90	20	FALSE
144	Employee	Personal	Employee	^employee(|id|ids|sid).*	[test,correlationdId,appledId,deviceId,sessionId, icon]	70	TRUE	[bool]	[]	[]		90	16	FALSE
145	Finances	Sensitive	Finances	^.*payer(|.)(id|ids|sid).*	[test,correlationdId,appledId,deviceId,sessionId, icon]	80	TRUE	[bool]	[]	[CPRA]		88	13	FALSE
146	User Details	Personal	Customer Number	^.*customer.?num.*	[test, icon]	89	TRUE	[bool,numeric]	[]	[]		87	11	FALSE
147	User Details	Personal	Male	^male.*	[test, icon]	89	TRUE	[]	[]	[]		50	4	FALSE
148	User Details	Personal	Female	^female.*	[test, icon]	89	TRUE	[]	[]	[]		85	6	FALSE
149	Race	Sensitive	American	^american$	[test, __tablename__, icon]	89	TRUE	[bool,numeric]	[]	[GDPR, CPRA,Iowa,Indiana,Virginia,Connecticut,Colorado,Oregon]		86	8	FALSE
150	Race	Sensitive	African	^.*African.*	[test, __tablename__, icon]	89	TRUE	[bool,numeric]	[]	[GDPR, CPRA,Iowa,Indiana,Virginia,Connecticut,Colorado,Oregon]		85	7	FALSE
151	User Details	Personal	Residence	^.*residence.*	[test, __tablename__, icon]	89	TRUE	[bool,numeric]	[]	[GDPR, CPRA,Iowa,Indiana,Virginia,Connecticut,Colorado,Oregon]		86	9	FALSE
152	Access Key	Personal	Account Key	^.*account.?key.*	[test, icon]	89	TRUE	[bool,numeric]	[]	[CPRA]		87	10	FALSE
153	Finances	Sensitive	American Bankers Association Routing Number	^.*aba.?routing.*	[test, icon]	100	TRUE	[bool]	[]	[CPRA]		87	10	FALSE
154	Health	Sensitive	Scotland Community Health Index Number 	^.*chi(|.)number.*	[test, icon]	89	TRUE	[bool]	[]	[GDPR, CPRA,Iowa,HIPPA,MHMDA,Indiana,Virginia,Connecticut,Colorado,Oregon]		55	9	FALSE
155	Health	Sensitive	National Health Service (NHS) Number 	^.*nhs(|.)number.*	[test, icon]	89	TRUE	[bool]	[]	[GDPR, CPRA,Iowa,HIPPA,MHMDA,Indiana,Virginia,Connecticut,Colorado,Oregon]		80	9	FALSE
156	Government ID	Sensitive	Documento Nacional de Identidad (DNI) - Argentina, Peru and Spain  	^dni$	[test, icon]	89	TRUE	[bool]	[]	[]		35	3	FALSE
157	Government ID	Sensitive	Documento Nacional de Identidad (DNI) - Argentina, Peru and Spain  	^.*dni(|.)number.*	[test, icon]	89	TRUE	[bool]	[]	[CPRA]		55	9	FALSE
158	Government ID	Sensitive	Tax File Number (TFN) - Australia	^tfn$	[test, icon]	89	TRUE	[bool]	[]	[]		35	3	FALSE
159	Government ID	Sensitive	Tax File Number (TFN) - Australia	^.*tfn(|.)number.*	[test, icon]	89	TRUE	[bool]	[]	[CPRA]		55	9	FALSE
160	Government ID	Sensitive	Cadastro de Pessoas Físicas (CPF) number -Brazil       	^cpf$	[test, icon]	89	TRUE	[bool]	[]	[]		35	3	FALSE
161	Government ID	Sensitive	Cadastro de Pessoas Físicas (CPF) number -Brazil       	^.*cpf(|.)number.*	[test, icon]	89	TRUE	[bool]	[]	[CPRA]		55	9	FALSE
162	Government ID	Sensitive	Quebec Health Insurance Number (HIN) 	^.*hin(|.)number.*	[test, icon]	89	TRUE	[bool]	[]	[CPRA]		55	9	FALSE
163	Government ID	Sensitive	Quebec Health Insurance Number (HIN) 	^hin$	[test, icon]	89	TRUE	[bool]	[]	[CPRA]		35	3	FALSE
164	Government ID	Sensitive	Ontario Health Insurance Plan (OHIP) 	^.*ohip\b	[test, icon]	89	TRUE	[bool]	[]	[]		80	5	FALSE
165	Government ID	Sensitive	British Columbia Personal Health Number (PHN) 	^phn$	[test, icon]	89	TRUE	[bool]	[]	[]		35	3	FALSE
166	Government ID	Sensitive	British Columbia Personal Health Number (PHN) 	^.*phn(|.)number.*	[test, icon]	89	TRUE	[bool]	[]	[CPRA]		55	9	FALSE
167	Government ID	Sensitive	Cédula de Identidad (CDI) Number - Chile and Uruguay	^cdi$	[test, icon]	89	TRUE	[bool]	[]	[]		35	3	FALSE
168	Government ID	Sensitive	Cédula de Identidad (CDI) Number - Chile and Uruguay	^.*cdi(|.)number.*	[test, icon]	89	TRUE	[bool]	[]	[CPRA]		45	9	FALSE
169	Government ID	Sensitive	Resident Identification Number (RIC) - China	^ric$	[test, icon]	89	TRUE	[bool]	[]	[]		35	3	FALSE
170	Government ID	Sensitive	Resident Identification Number (RIC) - China	^.*ric(|.)number.*	[test, icon]	89	TRUE	[bool]	[]	[CPRA]		45	9	FALSE
171	Government ID	Sensitive	Cédula de Ciudadanía (CDC) - Colombia	^cdc$	[test, icon]	89	TRUE	[bool]	[]	[]		35	3	FALSE
172	Government ID	Sensitive	Cédula de Ciudadanía (CDC) - Colombia	^.*cdc(|.)number.*	[test, icon]	89	TRUE	[bool]	[]	[CPRA]		45	9	FALSE
173	Government ID	Sensitive	Carte Nationale d’Identité Sécurisée - France	^cni$	[test, icon]	89	TRUE	[bool]	[]	[]		35	3	FALSE
174	Government ID	Sensitive	Carte Nationale d’Identité Sécurisée - France	^.*cni(|.)number.*	[test, icon]	89	TRUE	[bool]	[]	[CPRA]		45	9	FALSE
175	Government ID	Sensitive	Numéro d'Inscription au Répertoire - France	^nir$	[test, icon]	89	TRUE	[bool]	[]	[]		35	3	FALSE
176	Government ID	Sensitive	Numéro d'Inscription au Répertoire - France	^.*nir(|.)number.*	[test, icon]	89	TRUE	[bool]	[]	[CPRA]		45	9	FALSE
177	Government ID	Sensitive	Personalausweis - Germany	^.*Personalausweis\b	[test, icon]	89	TRUE	[bool]	[]	[CPRA]		45	16	FALSE
178	Government ID	Sensitive	Schufa ID number - Germany	^.*Schufa\b	[test, icon]	89	TRUE	[bool]	[]	[CPRA]		85	7	FALSE
179	Government ID	Sensitive	Hong Kong identity card (HKIC)	^.*hkic\b	[test, icon]	89	TRUE	[bool]	[]	[]		55	5	FALSE
180	Government ID	Sensitive	Aadhaar Individual Number - India 	^.*Aadhaar\b	[test, icon]	89	TRUE	[bool]	[]	[CPRA]		86	8	FALSE
181	Government ID	Sensitive	GST identification number - India	^.*gstin\b	[test, icon]	89	TRUE	[bool]	[]	[]		55	6	FALSE
182	Government ID	Sensitive	Personal Permanent Account Number - India      	^.*pan(|.)number.*	[test, icon]	89	TRUE	[bool]	[]	[CPRA]		55	9	FALSE
183	Government ID	Sensitive	Personal Permanent Account Number - India      	^pan$	[test, icon]	89	TRUE	[bool]	[]	[]		55	3	FALSE
184	Government ID	Sensitive	Indonesian Single Identity Number	^.*nic(|.)number.*	[test, icon]	89	TRUE	[bool]	[]	[CPRA]		55	9	FALSE
185	Government ID	Sensitive	Indonesian Single Identity Number	^nic$	[test, icon]	89	TRUE	[bool]	[]	[]		35	3	FALSE
186	Government ID	Sensitive	Irish Personal Public Service Number	^pps$	[test, icon]	89	TRUE	[bool]	[]	[]		35	3	FALSE
187	Government ID	Sensitive	Irish Personal Public Service Number	^.*pps(|.)number.*	[test, icon]	89	TRUE	[bool]	[]	[CPRA]		55	9	FALSE
188	Government ID	Sensitive	Irish Personal Public Service Number	^.*ppsn\b	[test, icon]	89	TRUE	[bool]	[]	[]		55	5	FALSE
189	Government ID	Sensitive	South Korean Social Security number.	^rrn$	[test, icon]	89	TRUE	[bool]	[]	[CPRA]		35	3	FALSE
190	Government ID	Sensitive	South Korean Social Security number.	^.*rrn(|.)number.*	[test, icon]	89	TRUE	[bool]	[]	[CPRA]		55	9	FALSE
191	Government ID	Sensitive	National Identification Number - Mexico	^.*curp\b	[test, icon]	89	TRUE	[bool]	[]	[]		55	5	FALSE
192	Government ID	Sensitive	Burgerservicenummer - Netherlands	^bsn$	[test, icon]	89	TRUE	[bool]	[]	[]		35	3	FALSE
193	Government ID	Sensitive	Burgerservicenummer - Netherlands	^.*bsn(|.)number.*	[test, icon]	89	TRUE	[bool]	[]	[CPRA]		55	9	FALSE
194	Government ID	Sensitive	Fødselsnummer - Norway	^.*Fødselsnummer\b	[test, icon]	89	TRUE	[bool]	[]	[CPRA]		88	13	FALSE
195	Government ID	Sensitive	Identity document - Paraguay	^.*cic(|.)number.*	[test, icon]	89	TRUE	[bool]	[]	[CPRA]		55	9	FALSE
196	Government ID	Sensitive	Identity document - Paraguay	^cic$	[test, icon]	89	TRUE	[bool]	[]	[]		35	3	FALSE
197	Government ID	Sensitive	National Identification Number - Poland.	^.*pesel\b	[test, icon]	89	TRUE	[bool]	[]	[]		55	6	FALSE
198	Government ID	Sensitive	Cartão de Cidadão (CDC) Number - Portugal	^.*cdc(|.)number.*	[test, icon]	89	TRUE	[bool]	[]	[CPRA]		55	9	FALSE
199	Government ID	Sensitive	Cartão de Cidadão (CDC) Number - Portugal	^cdc$	[test, icon]	89	TRUE	[bool]	[]	[]		35	3	FALSE
200	Government ID	Sensitive	Código de Identificación Fiscal - Spain	^.*cif(|.)number.*	[test, icon]	89	TRUE	[bool]	[]	[CPRA]		55	9	FALSE
201	Government ID	Sensitive	Código de Identificación Fiscal - Spain	^cif$	[test, icon]	89	TRUE	[bool]	[]	[]		35	3	FALSE
202	Government ID	Sensitive	Número de Identificación de Extranjeros (NIE) Number - Spain	^.*nie(|.)number.*	[test, icon]	89	TRUE	[bool]	[]	[CPRA]		55	9	FALSE
203	Government ID	Sensitive	Número de Identificación de Extranjeros (NIE) Number - Spain	^nie$	[test, icon]	89	TRUE	[bool]	[]	[]		35	3	FALSE
204	Government ID	Sensitive	Número de Identificación Fiscal (NIF) Number - Spain 	^.*nif(|.)number.*	[test, icon]	89	TRUE	[bool]	[]	[CPRA]		55	9	FALSE
205	Government ID	Sensitive	Número de Identificación Fiscal (NIF) Number - Spain 	^nif$	[test, icon]	89	TRUE	[bool]	[]	[]		35	3	FALSE
206	Government ID	Sensitive	Personal Identity Number - Sweden	^.*personnummer\b	[test, icon]	89	TRUE	[bool]	[]	[CPRA]		55	13	FALSE
207	Finances	Sensitive	Payment ID	^.*payment.?id.*	[test, icon]	89	TRUE	[bool]	[]	[CPRA]		90	9	FALSE
208	Telecommunication	Personal	Phone	^.*phone.*	[test, icon, microphone]	80	TRUE	[bool]	[]	[]		80	5	FALSE
209	Biometric	Sensitive	Face	^face.*	[test, facebook, facetime, interface,iface,surface,typeface,facet,pharmacy, icon,facecolor]	80	TRUE	[bool,numeric]	[]	[GDPR, CPRA,Iowa,Indiana,Virginia,Connecticut,Colorado,Oregon]	One can determine race/ethnic origin based on person's look	50	4	FALSE
210	Finances	Sensitive	Ethereum	^.*ethereum.*	[test, __tablename__, icon]	80	TRUE	[bool,numeric]	[]	[CPRA]		86	8	FALSE
211	Finances	Sensitive	Solana	^.*solana.*	[test, __tablename__, icon]	80	TRUE	[bool,numeric]	[]	[CPRA]		85	6	FALSE
212	Finances	Sensitive	Cardano	^.*cardano.*	[test, __tablename__, icon]	80	TRUE	[bool,numeric]	[]	[CPRA]		85	7	FALSE
213	Details	Personal	CashSale Number	^.*cashsale.*	[test, __tablename__, icon]	80	TRUE	[bool,numeric]	[]	[]		86	8	FALSE
214	Government ID	Sensitive	Government ID	^.*government(|.)id.*	[test, icon]	100	TRUE	[bool]	[]	[CPRA]		88	12	FALSE
215	Address	Personal	Address	^address$|^addresses$	[test, icon]	80	TRUE	[bool,numeric]	[]	[]		85	16	FALSE
216	Family Details	Personal	Baby	^.*babies.*	[test, __tablename__, icon]	70	TRUE	[bool,numeric]	[]	[]		85	6	FALSE
217	Finances	Sensitive	Billing	^.*bill(|_)profile.*	[test, icon]	70	TRUE	[bool,numeric]	[]	[CPRA]		87	11	FALSE
218	Address	Personal	Billing Address	^.*billing.?address.*	[test, icon]	70	TRUE	[bool,numeric]	[]	[]		89	14	FALSE
219	Digital	Personal	Webcam	^.*web.?cam.*	[test, icon]	70	TRUE	[bool,numeric]	[]	[]		85	6	FALSE
220	Digital	Personal	Video Picture	^.*video.?pic.*	[test, icon]	70	TRUE	[bool,numeric]	[]	[]	One can determine race/ethnic origin based on person's look	86	8	FALSE
221	Digital	Personal	Video Stream	^.*video(|_)stream.*	[test, icon]	70	TRUE	[bool,numeric]	[]	[]	One can determine race/ethnic origin based on person's look	87	11	FALSE
222	Social	Personal	Middle Name	^.*twitter.?user.*	[test, icon]	70	TRUE	[bool,numeric]	[]	[]		87	11	FALSE
223	Social	Personal	Instagram Username	^.*instagram.?user,*	[test, icon]	70	TRUE	[bool,numeric]	[]	[]		88	13	FALSE
224	Social	Personal	Facebook URL	^.*facebook.?url,*	[test, icon]	70	TRUE	[bool,numeric]	[]	[]		87	11	FALSE
225	Social	Personal	Linkedin URL	^.*linkedin.?url.*	[test, icon]	70	TRUE	[bool,numeric]	[]	[]		87	11	FALSE
226	Finances	Sensitive	Bitcoin	^.*bitcoin.*	[test, icon]	70	TRUE	[bool]	[]	[CPRA]	Not sure what this is 	85	7	FALSE
227	Employee	Personal	Employer Id	^.*employer(|.)bid\b.*	[test, __tablename__, icon]	70	TRUE	[bool,numeric]	[]	[]		88	12	FALSE
228	User Details	Personal	Age	^age$	[test, __tablename__, icon]	70	TRUE	[bool]	[]	[]		35	3	FALSE
229	User Details	Personal	Drinking Age	^.*drinking(|_)age.*	[test, __tablename__, icon]	80	TRUE	[bool,numeric]	[]	[HIPPA,MHMDA,Indiana,Virginia,Connecticut,Colorado]		87	11	FALSE
230	User Details	Personal	Smoking Age	^.*smoking(|_)age.*	[test, __tablename__, icon]	80	TRUE	[bool,numeric]	[]	[HIPPA,MHMDA,Indiana,Virginia,Connecticut,Colorado]		87	10	FALSE
231	Family Details	Personal	Marriageable Age	^.*marriageable.*age.*	[test, __tablename__, icon]	80	TRUE	[bool,numeric]	[]	[HIPPA,MHMDA,Indiana,Virginia,Connecticut,Colorado]		89	15	FALSE
232	Family Details	Personal	Widow	^.*widow.*	[test, __tablename__, icon]	70	TRUE	[bool,numeric]	[]	[]		80	5	FALSE
233	Family Details	Personal	Orphan	^.*orphan.*	[test, __tablename__, icon]	70	TRUE	[bool,numeric]	[]	[]		30	6	FALSE
234	User Details	Personal	Client ID	^.*(client|customer|merchant)(|.)(id|ids|sid).*	[test, icon]	70	TRUE	[bool,numeric]	[]	[]		90	30	FALSE
235	Professional Details	Personal	Owner ID	^.*owner(|.)(id|ids|sid).*	[test,correlationdId,appledId,deviceId,sessionId, icon]	70	TRUE	[bool]	[]	[]		88	13	FALSE
236	Professional Details	Personal	Manager ID	^.*manager(|.)(id|ids|sid).*	[test,correlationdId,appledId,deviceId,sessionId, icon]	70	TRUE	[bool]	[]	[]		89	15	FALSE
237	User Details	Personal	User Details	^.*account.?profile.*	[test, icon]	60	TRUE	[bool,numeric]	[]	[]		89	14	FALSE
238	Address	Personal	Shipping Address	^.*shipping.?address.*	[test, icon]	60	TRUE	[bool,numeric]	[]	[]		89	15	FALSE
239	User Details	Personal	Birthday	^.*birthday.*	[test, icon]	60	TRUE	[bool,numeric]	[]	[]		86	8	FALSE
240	User Details	Personal	Birthday	^.*date.?birth.*	[test, icon]	60	TRUE	[bool,numeric]	[]	[]		86	9	FALSE
241	User Details	Personal	Birthday	^.*birth.*	[test, icon]	60	TRUE	[bool,numeric]	[]	[]		80	5	FALSE
242	User Details	Personal	Birthday	^.*dob.*	[test, icon]	60	TRUE	[bool,numeric]	[]	[]		35	3	FALSE
243	Finances	Sensitive	Payment Info	^.*payment.?method.*	[test, icon]	60	TRUE	[bool,numeric]	[]	[CPRA]		88	13	FALSE
244	Finances	Personal	Invoice	^.*invoice.*	[test, icon]	60	TRUE	[bool]	[]	[]		85	7	FALSE
245	Digital	Personal	Advertising  Id	^ad.*_id	[test, icon]	60	TRUE	[bool]	[]	[]		50	4	FALSE
246	Digital	Personal	Video	^.*video.*	[test, video_format, videoFormat,icon]	60	TRUE	[bool,numeric]	[]	[]	One can determine race/ethnic origin based on person's look	80	5	FALSE
247	Finances	Sensitive	Insurance	^.*insurance.*	[test, icon]	60	TRUE	[bool,numeric]	[]	[GDPR, CPRA,Iowa,Oregon]	can lead to health related data	86	9	FALSE
248	Details	Personal	Serial Number	^.*serial(|_)number.*	[test, __tablename__, icon]	60	TRUE	[bool]	[]	[]		88	12	FALSE
249	User Details	Personal	User ID	^.*user(|_)(id|ids|sid)$	[test, icon]	60	TRUE	[bool,numeric]	[bola]	[]		88	12	FALSE
250	Family Details	Personal	Family	^.*guardian.*	[test, finalizerguardian]	60	TRUE	[bool]	[]	[]		86	8	FALSE
251	Family Details	Personal	Family	^.*father.*	[test,father_key]	60	TRUE	[bool]	[]	[]		85	6	FALSE
252	Family Details	Personal	Family	^.*mother.*	[test]	60	TRUE	[bool]	[]	[]		85	6	FALSE
253	Family Details	Personal	Family	^.*sister.*	[test]	60	TRUE	[bool]	[]	[]		85	6	FALSE
254	Family Details	Personal	Family	^.*daughter.*	[test]	60	TRUE	[bool]	[]	[]		86	8	FALSE
255	Family Details	Personal	Family	^.*brother.*	[test]	60	TRUE	[bool]	[]	[]		85	7	FALSE
256	Employee	Personal	Name	^.*employee(|.)name.*	[test, __tablename__,icon]	60	TRUE	[bool,numeric]	[]	[]		88	12	FALSE
257	Employee	Personal	Vehicle	^.*employee(|_)vehicle	[test, __tablename__, icon]	60	TRUE	[bool]	[]	[]		89	15	FALSE
258	Telecommunication	Personal	Email	^.*email.*	[test, __tablename__,icon,credentials]	50	TRUE	[bool,numeric]	[bola]	[]		80	5	FALSE
259	Name	Personal	Name	^.*(person|owner|client|customer)(|.)name.*	[test, __tablename__,icon]	50	TRUE	[bool,numeric]	[]	[]		86	9	FALSE
260	Name	Personal	Full Name	^.*full.?name.*	[test, __tablename__,icon]	50	TRUE	[bool,numeric]	[]	[]		86	8	FALSE
261	Name	Personal	Family Name	^.*family.?name.*	[test, __tablename__,icon]	50	TRUE	[bool,numeric]	[]	[]		87	10	FALSE
262	Name	Personal	First Name	^.*first.?name.*	[test, __tablename__,icon]	50	TRUE	[bool,numeric]	[]	[]		86	9	FALSE
263	Name	Personal	Middle Name	^.*middle.?name.*	[test, __tablename__,icon]	50	TRUE	[bool,numeric]	[]	[]		87	10	FALSE
264	Name	Personal	Last Name	^.*last.?name.*	[test, __tablename__,icon]	50	TRUE	[bool,numeric]	[]	[]		86	8	FALSE
265	User Details	Personal	Profile	^.*profile(|_)manager.*	[test, icon]	50	TRUE	[bool,numeric]	[]	[]		89	14	FALSE
266	User Details	Personal	User Details	^.*user.?profile.*	[test, icon]	50	TRUE	[bool,numeric]	[]	[]		87	11	FALSE
267	Browsing Data	Personal	User Agent	^.*useragent.*	[test, icon]	50	TRUE	[bool,numeric]	[]	[]		86	9	FALSE
268	Browsing Data	Personal	Cookie	^.*cookie.*	[test, icon]	50	TRUE	[bool,numeric]	[]	[]		85	6	FALSE
269	Telecommunication	Personal	Fax Number	^.*fax.?num.*	[test, icon]	50	TRUE	[bool]	[]	[]		50	6	FALSE
270	Name	Personal	Surname	^.*sur.?(|_)name.*	[test, icon]	50	TRUE	[bool,numeric]	[]	[]		85	7	FALSE
271	Details	Personal	Contract	^.*contract.*	[test, icon]	50	TRUE	[bool,numeric]	[]	[]		86	8	FALSE
272	Address	Personal	Postcode	^.*post.?code.*	[test, icon]	50	TRUE	[bool]	[]	[]		86	8	FALSE
273	Telecommunication	Personal	Addressbook	^.*address.?book.*	[test, icon]	50	TRUE	[bool,numeric]	[]	[]		87	11	FALSE
274	Address	Personal	Zip Code	^.*zip.?code.*	[test, icon]	50	TRUE	[bool]	[]	[]		85	7	FALSE
275	Address	Personal	Postal Code	^.*postal.?code.*	[test, icon]	50	TRUE	[bool]	[]	[]		87	10	FALSE
276	Address	Personal	City	^.*city.*	[test,capacity,velocity,opacity, icon]	50	TRUE	[bool,numeric]	[]	[]		50	4	FALSE
277	Address	Personal	Street	^.*street.*	[test, icon]	50	TRUE	[bool,numeric]	[]	[]		85	6	FALSE
278	Address	Personal	Country	^.*country.*	[test, icon,country_codes]	50	TRUE	[bool,numeric]	[]	[]		85	7	FALSE
279	Address	Personal	District	/^district$/	[test, icon]	50	TRUE	[bool,numeric]	[]	[]		86	8	FALSE
280	Name	Personal	Middlename	^.*middle.?name.*	[test, icon]	50	TRUE	[bool,numeric]	[]	[]		87	10	FALSE
281	Finances	Sensitive	Bank Name	^.bank.?name.*	[test, icon]	50	TRUE	[bool,numeric]	[]	[CPRA]		86	8	FALSE
282	Details	Personal	Invoice Number	^.*invoice.?num.*	[test, icon]	50	TRUE	[bool]	[]	[]		87	10	FALSE
283	Finances	Personal	Receipt Number	^.*receipt.?num.*	[test, icon]	50	TRUE	[bool]	[]	[]		87	10	FALSE
284	Details	Personal	Order Id	^.*order(|.)(id|ids|sid)$	[test, icon]	50	TRUE	[bool]	[]	[]		88	13	FALSE
285	Finances	Personal	Receipt URL	^.*receipt.?url.*	[test, icon]	50	TRUE	[bool,numeric]	[]	[]		87	10	FALSE
286	User Details	Personal	Account Name	^.*account.?name.*	[test, icon]	50	TRUE	[bool,numeric]	[]	[CPRA]		87	11	FALSE
287	Address	Personal	Home Address	^.*home.?address	[test, icon]	50	TRUE	[bool,numeric]	[]	[]	can lead to Geo location	87	11	FALSE
288	Address	Personal	Work Address	^.*work.?address	[test, icon, networkaddress]	50	TRUE	[bool,numeric]	[]	[]	can lead to Geo location	87	11	FALSE
289	Finances	Sensitive	merchant Id	^.*merchant(|.)(id|ids|sid)$	[test, icon]	50	TRUE	[bool]	[]	[]		90	16	FALSE
290	User Details	Personal	Number Plate	^.*(num|number)([^\s-]{0,1})[-|_](?=[^\s-])plate[s]{0,1}.*	[test, icon]	50	TRUE	[bool]	[]	[]		90	17	FALSE
291	User Details	Personal	Owner Name	^.*owner(|.)name.*	[test, __tablename__, icon]	50	TRUE	[bool,numeric]	[]	[]		86	9	FALSE
292	Telecommunication	Personal	Mobile Number	^.*mobile.?num.*	[test, icon,mobilecountrycode]	50	TRUE	[bool]	[]	[]		86	9	FALSE
293	Telecommunication	Personal	Cellular	^.*cellular.*	[test, icon]	50	TRUE	[bool]	[]	[]		86	8	FALSE
294	Address	Personal	POBox	^.*po.?box.*	[test, icon]	50	TRUE	[bool]	[]	[]	can lead to Geo location	80	5	FALSE
295	Telecommunication	Personal	Cellular	^.*sim(|.)(id|ids|sid)$	[test, icon]	50	TRUE	[bool]	[]	[]		87	11	FALSE
296	Telecommunication	Personal	Cellular	^.*sim(|.)card.*	[test, icon]	50	TRUE	[bool]	[]	[]		85	7	FALSE
297	User Details	Personal	Vehicle	^.*(person|owner|client|customer|merchant|payer)(|.)vehicle	[test, __tablename__, icon]	50	TRUE	[bool]	[]	[]		88	12	FALSE
298	Name	Personal	User Name	^.*user.?name.*	[test, __tablename__, icon,file]	50	TRUE	[bool,numeric]	[bola]	[]	Not suer about this as this can be used to obtain finance data	86	8	FALSE
299	Family Details	Personal	Marital Status	^.*marital.*	[test, __tablename__, icon]	50	TRUE	[bool,numeric]	[]	[]		85	7	FALSE
300	Social	Personal	Facebook Name	^.*facebook.?name,*	[test, __tablename__, icon]	50	TRUE	[bool,numeric]	[]	[]		88	12	FALSE
301	Social	Personal	Linkedin Name	^.*linkedin.?name.*	[test, __tablename__, icon]	50	TRUE	[bool,numeric]	[]	[]		88	12	FALSE
302	Social	Personal	Spotify Name	^.*spotify.?name.*	[test, __tablename__, icon]	50	TRUE	[bool,numeric]	[]	[]		87	11	FALSE
303	Social	Personal	Twitter Name	^.*twitter.?name.*	[test, __tablename__, icon]	50	TRUE	[bool,numeric]	[]	[]		87	11	FALSE
304	Social	Personal	Tiktok Name	^.*tiktok.?name.*	[test, __tablename__, icon]	50	TRUE	[bool,numeric]	[]	[]		87	10	FALSE
305	Social	Personal	WeChat Name	^.*wechat.?name.*	[test, __tablename__, icon]	50	TRUE	[bool,numeric]	[]	[]		87	10	FALSE
306	Social	Personal	Whatsapp Name	^.*whatsapp.?name.*	[test, __tablename__, icon]	50	TRUE	[bool,numeric]	[]	[]		88	12	FALSE
307	Social	Personal	Reddit Name	^.*reddit.?name.*	[test, __tablename__, icon]	50	TRUE	[bool,numeric]	[]	[]		87	10	FALSE
308	Social	Personal	Telegram Name	^.*telegram.?name.*	[test, __tablename__, icon]	50	TRUE	[bool,numeric]	[]	[]		88	12	FALSE
309	Social	Personal	Tinder Name	^.*tinder.?name.*	[test, __tablename__, icon]	50	TRUE	[bool,numeric]	[]	[]		87	10	FALSE
310	Social	Personal	Grinder Name	^.*grinder.?name.*	[test, __tablename__, icon]	50	TRUE	[bool,numeric]	[]	[]		87	11	FALSE
311	Social	Personal	Bumble Name	^.*bumble.?name.*	[test, __tablename__, icon]	50	TRUE	[bool,numeric]	[]	[]		87	10	FALSE
312	Social	Personal	Skype Name	^.*skype.?name.*	[test, __tablename__, icon]	50	TRUE	[bool,numeric]	[]	[]		86	9	FALSE
313	Social	Personal	VK Name	^.*vk.?name.*	[test, __tablename__, icon]	50	TRUE	[bool,numeric]	[]	[]		85	6	FALSE
314	Social	Personal	Okcupid Name	^.*okcupid.?name.*	[test, __tablename__, icon]	50	TRUE	[bool,numeric]	[]	[]		87	11	FALSE
315	User Details	Personal	Zoom Name	^.*zoom.?name.*	[test, __tablename__, icon]	50	TRUE	[bool,numeric]	[]	[]		86	8	FALSE
316	Social	Personal	Hinge Name	^.*hinge.?name.*	[test, __tablename__, icon]	50	TRUE	[bool,numeric]	[]	[]		86	9	FALSE
317	Employee	Personal	Employer Name	^.*employer.?name.*	[test, __tablename__, icon]	50	TRUE	[bool,numeric]	[]	[]		88	12	FALSE
318	User Details	Personal	Uber Name	^.*uber.?name.*	[test, __tablename__, icon]	50	TRUE	[bool,numeric]	[]	[]		86	8	FALSE
319	User Details	Personal	Driving Age	^.*driving(|_)age.*	[test, __tablename__, icon]	50	TRUE	[bool,numeric]	[]	[]		87	10	FALSE
320	Professional Details	Personal	Education	^.*education.*	[test, __tablename__, icon]	50	TRUE	[bool,numeric]	[]	[]		86	9	FALSE
321	Professional Details	Personal	Doctor	^.*doctor.*	[test, __tablename__, icon]	50	TRUE	[bool,numeric]	[]	[]		85	6	FALSE
322	Professional Details	Personal	Professor	^.*professor.*	[test, __tablename__, icon]	50	TRUE	[bool,numeric]	[]	[]		86	9	FALSE
323	Telecommunication	Personal	FAX	^.*fax.?number.*	[test, __tablename__, icon]	50	TRUE	[bool]	[]	[]		86	9	FALSE
324	Telecommunication	Personal	Contact	^contact$	[test, __tablename__, icon]	50	TRUE	[bool,numeric]	[]	[]		85	7	FALSE
325	Name	Personal	Full Name	^.*complete.?name.*	[test, __tablename__, icon]	50	TRUE	[bool,numeric]	[]	[]		88	12	FALSE
326	Name	Personal	Full Name	^.*entire.?name.*	[test, __tablename__, icon]	50	TRUE	[bool,numeric]	[]	[]		87	10	FALSE
327	Name	Personal	Family Name	^.*surename*	[test, __tablename__, icon]	50	TRUE	[bool,numeric]	[]	[]		86	8	FALSE
328	Name	Personal	Family Name	^.*cognomen*	[test, __tablename__, icon]	50	TRUE	[bool,numeric]	[]	[]		86	8	FALSE
329	Name	Personal	First Name	^.*forename*	[test, __tablename__, icon]	50	TRUE	[bool,numeric]	[]	[]		86	8	FALSE
330	Name	Personal	First Name	^.*nickname*	[test, __tablename__, icon]	50	TRUE	[bool,numeric]	[]	[]		86	8	FALSE
331	Name	Personal	First Name	^.*given.?name.*	[test, __tablename__, icon]	50	TRUE	[bool,numeric]	[]	[]		86	9	FALSE
332	Name	Personal	Middle Name	\^byword.*	[test, __tablename__, icon]	50	TRUE	[bool,numeric]	[]	[]		85	6	FALSE
333	User Details	Personal	Profile	^.*portrait*	[test, icon]	50	TRUE	[bool,numeric]	[]	[]		86	8	FALSE
334	Address	Personal	City	^town$	[test, icon]	50	TRUE	[bool,numeric]	[]	[]		50	4	FALSE
335	Address	Personal	City	^downtown$	[test, icon]	50	TRUE	[bool,numeric]	[]	[]		86	8	FALSE
336	Address	Personal	City	^metropolis$	[test, icon]	50	TRUE	[bool,numeric]	[]	[]		87	10	FALSE
337	Address	Personal	City	^village$	[test, icon]	50	TRUE	[bool,numeric]	[]	[]		85	7	FALSE
338	Address	Personal	City	^area$	[test, icon]	50	TRUE	[bool,numeric]	[]	[]		50	4	FALSE
339	Address	Personal	City	^civil$	[test, icon]	50	TRUE	[bool,numeric]	[]	[]		80	5	FALSE
340	Address	Personal	City	^capital$	[test, icon]	50	TRUE	[bool,numeric]	[]	[]		85	7	FALSE
341	Address	Personal	Street	^road$	[test, icon]	50	TRUE	[bool,numeric]	[]	[]		50	4	FALSE
342	Address	Personal	Street	^avenue$	[test, icon]	50	TRUE	[bool,numeric]	[]	[]		60	6	FALSE
343	Address	Personal	Street	^lane$	[test, icon]	50	TRUE	[bool,numeric]	[]	[]		50	4	FALSE
344	Address	Personal	Street	^highway$	[test, icon]	50	TRUE	[bool,numeric]	[]	[]		85	7	FALSE
345	Address	Personal	Street	^boulevard$	[test, icon]	50	TRUE	[bool,numeric]	[]	[]		86	9	FALSE
346	Address	Personal	Street	^alley$	[test, icon]	50	TRUE	[bool,numeric]	[]	[]		60	5	FALSE
347	Address	Personal	Country	^nation$	[test, icon]	50	TRUE	[bool,numeric]	[]	[]		60	6	FALSE
348	Address	Personal	Country	^land$	[test, icon]	50	TRUE	[bool,numeric]	[]	[]		50	4	FALSE
349	Address	Personal	Country	^territory$	[test, icon]	50	TRUE	[bool,numeric]	[]	[]		86	9	FALSE
350	Address	Personal	Country	^kingdom$	[test, icon]	50	TRUE	[bool,numeric]	[]	[]		85	7	FALSE
351	User Details	Personal	Country	^fatherland$	[test, icon]	50	TRUE	[bool,numeric]	[]	[]		87	10	FALSE
352	User Details	Personal	Country	^homeland$	[test, icon]	50	TRUE	[bool,numeric]	[]	[]		86	8	FALSE
353	Address	Personal	Country	^region$	[test, icon]	50	TRUE	[bool,numeric]	[]	[]		50	6	FALSE
354	Browsing Data	Personal	Browsing history	^.*browsing(|_)history.*	[test, icon]	50	TRUE	[bool,numeric]	[]	[]		89	15	FALSE
355	Telecommunication	Personal	Cellular	^.*global(|_)(system|sys|network|communications|net|com|mob\bnet).*	[test]	50	TRUE	[bool]	[]	[]		90	16	FALSE
356	Telecommunication	Personal	Cellular	^.*code(|_)(division|div|multiple|mul|acs|access)$	[test]	50	TRUE	[bool]	[]	[]		88	13	FALSE
357	Telecommunication	Personal	Cellular	^.*long(|_)term(|_)evolution.*	[test]	50	TRUE	[bool]	[]	[]		90	17	FALSE
358	Telecommunication	Personal	Cellular	^.*service(|_)provider(|_)name.*	[test]	50	TRUE	[bool]	[]	[]		90	19	FALSE
359	Telecommunication	Personal	Cellular	^.*provider(|.)name.*	[test]	50	TRUE	[bool]	[]	[]		88	12	FALSE
360	Professional Details	Personal	Experience	experience.*	[test, icon]	50	TRUE	[bool]	[]	[]		87	10	FALSE
361	Professional Details	Personal	Skills	^.*skills.*	[test, icon]	50	TRUE	[bool]	[]	[]		85	6	FALSE
362	Telecommunication	Personal	Mobile Number	^mobile$	[test, icon,mobilecountrycode]	50	TRUE	[bool]	[]	[]		86	6	FALSE
363	Social	Personal	Instagram URL	^.*instagram.?url,*	[test, __tablename__, icon]	30	TRUE	[bool,numeric]	[]	[]		88	12	FALSE
364	Social	Personal	Youtube URL	^.*youtube.?url.*	[test, __tablename__, icon]	30	TRUE	[bool,numeric]	[]	[]		87	10	FALSE
365	Social	Personal	Spotify URL	^.*spotify.?url.*	[test, __tablename__, icon]	30	TRUE	[bool,numeric]	[]	[]		87	10	FALSE
366	Social	Personal	Twitter URL	^.*twitter.?url.*	[test, __tablename__, icon]	30	TRUE	[bool,numeric]	[]	[]		87	10	FALSE
367	Social	Personal	Tiktok URL	^.*tiktok.?url.*	[test, __tablename__, icon]	30	TRUE	[bool,numeric]	[]	[]		86	9	FALSE
368	Social	Personal	WeChat URL	^.*wechat.?url.*	[test, __tablename__, icon]	30	TRUE	[bool,numeric]	[]	[]		86	9	FALSE
369	Social	Personal	Whatsapp URL	^.*whatsapp.?url.*	[test, __tablename__, icon]	30	TRUE	[bool,numeric]	[]	[]		87	11	FALSE
370	Social	Personal	Reddit URL	^.*reddit.?url.*	[test, __tablename__, icon]	30	TRUE	[bool,numeric]	[]	[]		86	9	FALSE
371	Social	Personal	Telegram URL	^.*telegram.?url.*	[test, __tablename__, icon]	30	TRUE	[bool,numeric]	[]	[]		87	11	FALSE
372	Social	Personal	Tinder URL	^.*tinder.?url.*	[test, __tablename__, icon]	30	TRUE	[bool,numeric]	[]	[]		86	9	FALSE
373	Social	Personal	Grinder URL	^.*grinder.?url.*	[test, __tablename__, icon]	30	TRUE	[bool,numeric]	[]	[]		87	10	FALSE
374	Social	Personal	Bumble URL	^.*bumble.?url.*	[test, __tablename__, icon]	30	TRUE	[bool,numeric]	[]	[]		86	9	FALSE
375	Social	Personal	Skype URL	^.*skype.?url.*	[test, __tablename__, icon]	30	TRUE	[bool,numeric]	[]	[]		86	8	FALSE
376	Social	Personal	VK URL	^.*vk.?url.*	[test, __tablename__, icon]	30	TRUE	[bool,numeric]	[]	[]		80	5	FALSE
377	Social	Personal	Okcupid URL	^.*okcupid.?url.*	[test, __tablename__, icon]	30	TRUE	[bool,numeric]	[]	[]		87	10	FALSE
378	User Details	Personal	Zoom URL	^.*zoom.?url.*	[test, __tablename__, icon]	30	TRUE	[bool,numeric]	[]	[]		85	7	FALSE
379	Social	Personal	Hinge URL	^.*hinge.?url.*	[test, __tablename__, icon]	30	TRUE	[bool,numeric]	[]	[]		86	8	FALSE
380	Social	Personal	Uber URL	^.*uber.?url.*	[test, __tablename__, icon]	30	TRUE	[bool,numeric]	[]	[]		85	7	FALSE
381	User Details	Personal	Account ID	^.*account(|.)(id|ids|sid)$	[test, icon]	30	TRUE	[bool,numeric]	[]	[]		89	15	TRUE
382	Details	Personal	Ticket	^.*ticket.?num.*	[test, icon]	30	TRUE	[bool]	[]	[]		86	9	FALSE
383	Details	Personal	Voucher	^.*voucher.?num.*	[test, icon]	30	TRUE	[bool]	[]	[]		87	10	FALSE
384	Network Devices	Personal	Radio frequency identification	^rfid$	[test, icon]	30	TRUE	[bool,numeric]	[]	[]		50	4	FALSE
385	Telecommunication	Personal	Cellular	^gsm$	[test]	30	TRUE	[bool]	[]	[]		35	3	FALSE
386	Telecommunication	Personal	Cellular	^.*cdma.*	[test]	30	TRUE	[bool]	[]	[]		50	4	FALSE
387	Telecommunication	Personal	Cellular	^.*(sec|second|two)(|.)(gen|g)	[test]	30	TRUE	[bool]	[]	[]		90	16	FALSE
388	Telecommunication	Personal	Cellular	^.*(rd|third|three)(|.)(gen|g)	[test]	30	TRUE	[bool]	[]	[]		90	16	FALSE
389	Telecommunication	Personal	Cellular	^.*(fourth|four)(|.)(gen|g)	[test]	30	TRUE	[bool]	[]	[]		89	14	FALSE
390	Telecommunication	Personal	Cellular	^.*(fifth|five)(|.)(gen|g)	[test]	30	TRUE	[bool]	[]	[]		88	13	FALSE
391	Telecommunication	Personal	Cellular	^lte$	[test]	30	TRUE	[bool]	[]	[]		35	3	FALSE
392	Telecommunication	Personal	Cellular	^spn$	[test]	30	TRUE	[bool]	[]	[]		35	3	FALSE
393	Password	Sensitive	Authentication	^.*api.?token.*	[test, icon]	100	TRUE	[bool]	[]	[]		35	8	FALSE
394	Health	Sensitive	Psych Issues	psych(|.)issue(|.)	[test, icon]	100	TRUE	[bool]	[]	[GDPR, CPRA,Iowa,HIPPA,MHMDA,Indiana,Virginia,Connecticut,Colorado,Oregon]		85	10	FALSE
395	Health	Sensitive	Stress Level	stress(|.)level(|.)	[test, icon]	100	TRUE	[bool]	[]	[GDPR, CPRA,Iowa,HIPPA,MHMDA,Indiana,Virginia,Connecticut,Colorado,Oregon]		85	11	FALSE
396	Health	Sensitive	Tobacco Answer	tobacco(|.)answer(|.)	[test, icon]	100	TRUE	[bool]	[]	[GDPR, CPRA,Iowa,HIPPA,MHMDA,Indiana,Virginia,Connecticut,Colorado,Oregon]		85	13	FALSE
397	Health	Sensitive	Preconditions Answer	preconditions(|.)answer(|.)	[test, icon]	100	TRUE	[bool]	[]	[GDPR, CPRA,Iowa,HIPPA,MHMDA,Indiana,Virginia,Connecticut,Colorado,Oregon]		85	19	FALSE
398	Health	Sensitive	Vaccination Check	vaccination(|.)check(|.)	[test, icon]	100	TRUE	[bool]	[]	[GDPR, CPRA,Iowa,HIPPA,MHMDA,Indiana,Virginia,Connecticut,Colorado,Oregon]		85	16	FALSE
399	Health	Sensitive	Drug Substances	drugs(|.)substance(|.)	[test, icon]	100	TRUE	[bool]	[]	[GDPR, CPRA,Iowa,HIPPA,MHMDA,Indiana,Virginia,Connecticut,Colorado,Oregon]		85	14	FALSE
400	Health	Sensitive	Disability Answer	disability(|.)answer(|.)	[test, icon]	100	TRUE	[bool]	[]	[GDPR, CPRA,Iowa,HIPPA,MHMDA,Indiana,Virginia,Connecticut,Colorado,Oregon]		85	16	FALSE
401	Health	Sensitive	Family History	family(|.)history	[test, icon]	100	TRUE	[bool]	[]	[GDPR, CPRA,Iowa,HIPPA,MHMDA,Indiana,Virginia,Connecticut,Colorado,Oregon]		85	13	FALSE
402	Password	Sensitive	Authentication	user(|.)token(|.)	[test, icon]	100	TRUE	[bool]	[]	[]		35	9	FALSE
403	Details	Personal	unstructured Data	remote(|.)data	[test, icon]	70	TRUE	[bool]	[]	[]		87	10	FALSE
404	Browsing Data	Personal	Settings	user(|.)settings	[test, icon]	50	TRUE	[bool,numeric]	[]	[]		85	12	FALSE
405	Password	Sensitive	Authentication	sync(|.)token(|.)	[test, icon]	100	TRUE	[bool]	[]	[]		35	9	FALSE
406	Browsing Data	Personal	Session Data	sk_js	[test, icon]	50	TRUE	[bool,numeric]	[]	[]		85	4	FALSE
409	Details	Personal	Exception	e(|x|xp|rr)$	[test, icon]	50	TRUE	[bool,numeric]	[]	[]		88	13	FALSE
410	finances	Sensitive	Balance	^.*(loan|deposit|payment|payments)(|_)balance.*	[test, icon]	70	TRUE	[bool,numeric]	[]	[CPRA,Iowa,Indiana,Virginia,Connecticut,Colorado,Oregon]		80	33	FALSE
411	Criminal History	Sensitive	Court Records	^.*(court|criminal)(|_)(record).*	[test, icon]	80	TRUE	[bool,numeric]	[]			90	19	FALSE